x,y,z
13.4,-3.4,-43.1
12.7,-4.8,-46.0
13.1,-6.6,-44.2
12.4,-5.9,-44.2
12.0,-6.9,-44.6
12.4,-7.3,-42.7
11.7,-7.3,-44.9
11.7,-5.9,-44.9
12.7,-4.8,-44.6
13.8,-6.6,-45.7
12.7,-6.2,-43.8
12.0,-6.2,-43.8
10.6,-6.9,-46.8
11.3,-6.9,-45.3
13.1,-7.3,-45.7
11.0,-8.0,-44.9
13.1,-7.3,-44.2
11.0,-6.6,-44.9
10.6,-6.9,-43.8
9.9,-7.6,-46.0
8.2,-5.9,-47.1
9.6,-8.7,-45.7
9.9,-6.9,-46.0
8.5,-6.9,-45.3
9.2,-6.9,-46.8
8.5,-6.9,-47.5
6.1,-5.9,-46.4
6.1,-4.5,-45.7
5.0,-6.2,-45.3
5.0,-6.9,-45.3
5.0,-6.9,-45.3
4.0,-7.3,-45.7
4.3,-6.9,-45.3
2.6,-5.9,-45.7
4.3,-4.8,-46.0
2.6,-7.3,-46.4
0.1,-5.5,-46.1
1.9,-6.6,-47.1
1.5,-5.5,-43.9
1.9,-7.3,-45.7
2.9,-7.6,-44.6
0.5,-7.3,-45.7
0.8,-8.3,-46.8
0.8,-6.9,-46.8
1.2,-8.0,-47.1
1.2,-9.4,-45.7
2.2,-7.6,-46.0
1.5,-8.3,-46.8
3.3,-10.1,-44.2
3.6,-9.0,-46.0
4.0,-10.8,-46.4
6.8,-10.1,-44.9
4.3,-11.1,-44.6
5.4,-10.1,-44.9
3.6,-10.4,-47.5
4.0,-10.8,-47.1
5.7,-9.0,-46.0
6.8,-7.3,-46.4
8.2,-6.6,-45.7
9.6,-6.6,-45.7
11.7,-5.1,-45.7
10.6,-4.8,-43.9
11.0,-3.0,-44.9
11.7,-2.3,-46.4
12.7,-4.8,-46.0
11.7,-5.1,-45.7
11.0,-5.2,-44.2
11.3,-8.3,-44.6
9.2,-9.7,-44.6
6.1,-8.0,-44.2
5.4,-9.4,-44.9
5.0,-11.1,-47.5
2.6,-11.5,-45.7
0.1,-10.4,-44.6
-1.3,-13.3,-45.3
-1.6,-14.3,-44.9
-0.9,-10.8,-45.0
-0.6,-9.7,-46.8
-0.9,-10.8,-45.7
-2.3,-10.8,-43.5
-5.1,-11.5,-46.4
-7.9,-10.1,-44.2
-9.0,-10.5,-44.6
-10.0,-12.2,-45.0
-10.4,-13.3,-43.1
-11.8,-13.3,-43.1
-12.8,-12.9,-41.3
-11.8,-14.0,-43.1
-13.2,-13.3,-41.7
-13.9,-16.1,-41.7
-15.3,-16.1,-39.5
-16.3,-17.9,-39.9
-14.6,-18.9,-40.9
-16.3,-20.7,-38.4
-17.0,-19.3,-39.1
-16.7,-21.7,-37.3
-16.7,-21.7,-37.3
-18.4,-22.8,-36.9
-16.7,-23.8,-38.0
-18.1,-24.5,-35.8
-17.0,-24.2,-33.3
-18.8,-26.0,-35.8
-20.5,-27.0,-31.8
-19.1,-27.7,-34.0
-19.1,-30.5,-31.8
-19.5,-28.8,-30.7
-18.4,-31.2,-32.5
-18.4,-31.2,-30.4
-18.4,-31.2,-31.1
-19.1,-31.9,-30.4
-18.8,-31.6,-28.5
-18.4,-32.6,-28.2
-18.8,-34.4,-27.1
-20.2,-34.4,-24.1
-20.5,-35.5,-23.8
-20.2,-37.9,-22.7
-21.2,-36.9,-19.4
-22.3,-38.6,-17.6
-23.3,-38.3,-13.6
-21.9,-38.3,-12.8
-21.9,-39.0,-12.1
-24.0,-38.3,-12.1
-23.3,-38.3,-9.2
-26.1,-39.7,-8.5
-25.8,-39.4,-5.9
-28.5,-37.3,-5.9
-28.2,-38.3,-3.4
-28.5,-37.3,-0.8
-27.1,-38.0,2.1
-27.8,-39.4,2.8
-28.2,-38.3,3.2
-26.4,-39.4,7.9
-24.7,-38.3,7.6
-26.8,-39.0,8.3
-25.0,-39.4,10.1
-25.4,-36.9,9.0
-24.0,-38.3,12.0
-22.6,-40.5,13.4
-21.2,-38.3,15.6
-21.9,-39.1,17.1
-20.1,-38.0,20.4
-19.8,-36.9,20.7
-20.5,-36.9,20.0
-20.1,-38.0,23.3
-20.1,-37.3,21.1
-19.1,-35.5,23.6
-19.8,-35.5,25.1
-18.0,-33.8,28.4
-19.4,-34.5,27.6
-19.4,-31.7,29.1
-16.9,-31.3,32.4
-17.6,-31.3,30.2
-17.6,-29.2,31.6
-17.3,-28.2,32.0
-16.9,-26.4,33.8
-16.9,-28.5,33.1
-14.5,-26.8,35.7
-13.8,-24.7,35.7
-12.0,-26.4,36.0
-11.3,-27.1,36.8
-10.6,-26.4,38.2
-9.2,-25.0,39.7
-11.0,-24.0,38.6
-8.5,-25.0,40.4
-9.9,-25.0,38.9
-10.3,-24.7,39.3
-9.2,-24.3,38.2
-10.6,-25.0,38.9
-9.2,-25.0,38.2
-8.2,-24.0,38.6
-9.2,-24.3,39.7
-8.9,-25.4,40.8
-6.8,-24.0,40.0
-7.1,-23.6,39.7
-6.4,-24.3,40.4
-8.2,-24.0,42.2
-11.3,-22.2,39.7
-10.3,-24.0,37.9
-11.3,-22.2,38.2
-12.0,-21.5,39.7
-16.2,-22.9,37.5
-19.0,-22.2,36.7
-21.5,-21.9,37.1
-21.1,-21.5,37.5
-23.2,-18.7,37.5
-22.5,-19.4,35.3
-24.3,-19.7,32.7
-24.3,-17.6,33.4
-25.0,-19.0,34.2
-26.4,-17.6,32.7
-27.8,-15.5,32.7
-28.5,-14.1,32.7
-30.9,-15.2,32.3
-29.5,-11.7,30.9
-32.7,-12.0,31.2
-33.4,-10.6,30.5
-35.5,-11.3,26.9
-37.2,-8.2,25.7
-39.3,-8.9,25.0
-40.7,-7.5,23.6
-39.7,-6.4,21.7
-41.8,-6.4,18.1
-43.2,-7.8,15.9
-44.2,-8.1,14.1
-43.2,-7.8,13.0
-43.9,-5.7,11.5
-47.7,-5.3,9.7
-45.3,-7.1,4.2
-45.3,-7.1,5.7
-44.9,-6.7,3.1
-47.7,-7.4,0.2
-47.0,-6.7,-2.7
-44.6,-7.8,-5.3
-44.6,-8.5,-10.4
-43.9,-9.9,-11.8
-42.2,-10.9,-12.2
-42.9,-8.8,-15.8
-41.8,-10.5,-18.4
-41.8,-9.8,-20.6
-39.4,-10.9,-22.4
-39.0,-10.5,-24.9
-37.3,-10.9,-26.0
-35.5,-8.4,-29.3
-34.1,-10.5,-31.5
-31.0,-10.2,-34.1
-30.3,-10.9,-36.2
-25.8,-9.8,-37.3
-23.0,-11.2,-40.2
-22.6,-11.5,-39.1
-19.1,-10.8,-42.1
-14.9,-10.8,-44.2
-12.1,-10.1,-43.5
-10.7,-11.5,-43.5
-8.3,-9.7,-45.3
-5.5,-10.4,-45.3
-1.3,-9.0,-45.3
2.6,-10.8,-45.7
4.7,-10.8,-46.4
5.7,-11.1,-46.0
7.5,-11.5,-44.9
11.7,-10.8,-44.9
13.4,-12.5,-43.8
14.1,-13.2,-42.4
18.7,-15.7,-42.7
21.8,-15.3,-38.7
26.4,-17.1,-36.1
28.5,-17.1,-31.8
30.6,-18.5,-31.0
33.4,-19.2,-28.1
34.8,-17.1,-25.9
37.6,-16.4,-23.0
40.0,-17.5,-19.0
41.8,-17.8,-16.4
42.5,-19.2,-12.8
41.8,-15.7,-9.9
45.0,-16.1,-5.8
45.0,-16.8,-4.4
43.6,-16.1,-2.9
44.3,-17.5,-0.0
45.0,-16.1,2.9
42.9,-16.8,5.8
44.6,-17.8,9.1
42.2,-16.8,10.9
41.5,-18.9,13.1
40.4,-19.3,17.1
39.4,-18.9,18.2
37.3,-20.3,21.1
35.5,-22.1,21.5
31.7,-23.2,24.8
31.7,-23.9,25.5
28.6,-23.5,28.1
26.8,-26.0,29.9
24.0,-26.7,29.9
23.7,-26.3,30.2
22.3,-26.4,30.2
21.9,-28.1,29.9
20.5,-27.4,32.1
19.8,-29.5,33.5
19.1,-28.8,31.3
16.7,-27.8,31.7
17.4,-29.9,31.7
17.0,-30.2,29.9
16.3,-31.6,32.8
14.2,-29.5,32.1
13.8,-32.0,30.2
12.8,-32.3,31.3
11.7,-32.7,30.2
12.8,-32.3,32.1
11.7,-32.7,31.7
11.7,-33.4,31.0
11.4,-35.2,31.3
10.7,-34.5,30.6
11.0,-34.1,29.5
11.0,-33.4,31.7
9.6,-33.4,29.5
11.4,-33.8,30.6
12.1,-33.7,29.1
12.4,-34.1,31.0
13.1,-33.4,30.2
12.1,-33.8,31.3
13.5,-33.7,31.3
13.5,-31.6,32.1
14.2,-33.0,31.3
14.2,-31.6,31.3
15.9,-32.7,32.4
16.3,-29.5,32.1
17.0,-29.5,31.3
19.1,-29.5,30.6
20.2,-28.5,31.0
22.3,-26.4,31.7
25.8,-27.8,33.2
25.8,-23.5,31.7
25.8,-24.9,30.2
26.5,-23.5,29.5
28.9,-21.8,29.9
29.6,-23.2,27.7
32.8,-20.0,27.3
34.2,-18.6,28.1
37.7,-16.5,24.4
36.3,-15.1,23.7
39.1,-14.4,22.2
39.4,-12.6,20.4
41.5,-12.6,18.9
40.8,-12.6,16.0
43.2,-13.6,15.7
42.2,-13.3,13.8
45.0,-11.9,12.4
47.1,-11.9,7.3
44.3,-11.9,2.2
45.7,-11.9,0.7
43.9,-13.6,-0.4
43.9,-15.7,-4.8
42.9,-16.1,-8.8
41.8,-19.9,-11.3
41.8,-19.2,-13.5
39.7,-19.2,-16.4
38.6,-18.9,-19.7
36.9,-20.6,-20.1
33.4,-20.6,-23.7
30.9,-21.0,-27.7
28.5,-22.0,-31.0
24.3,-19.2,-33.2
22.5,-18.9,-35.8
15.9,-19.2,-39.8
11.0,-17.8,-42.0
10.3,-15.7,-42.0
7.1,-16.1,-43.8
4.7,-19.9,-43.5
2.9,-18.9,-43.1
1.2,-20.6,-42.0
-0.9,-19.2,-42.7
-3.0,-18.5,-40.6
-6.9,-21.0,-41.7
-9.3,-22.8,-42.0
-10.0,-24.2,-39.8
-12.8,-22.8,-37.7
-16.3,-23.5,-36.9
-18.4,-22.1,-38.4
-21.9,-24.9,-36.2
-23.0,-23.1,-32.9
-25.8,-23.2,-31.5
-26.8,-22.8,-28.9
-28.9,-24.2,-26.0
-31.4,-23.2,-27.8
-32.8,-24.6,-23.5
-33.1,-25.6,-20.9
-33.1,-24.9,-20.2
-36.6,-25.7,-18.7
-37.3,-23.6,-15.8
-38.0,-25.0,-13.6
-38.0,-26.4,-11.4
-37.6,-26.7,-8.1
-37.6,-26.7,-9.6
-39.0,-28.1,-6.7
-36.2,-30.2,-5.9
-36.2,-28.8,-3.8
-35.9,-29.2,-4.1
-36.9,-28.8,-3.8
-36.9,-28.1,-3.0
-38.3,-28.8,-1.6
-37.6,-27.4,-1.6
-37.6,-26.7,-3.0
-38.0,-27.1,-1.2
-42.2,-24.3,-1.2
-40.4,-23.9,-0.9
-40.1,-22.9,-0.5
-42.5,-22.5,0.6
-41.5,-20.1,0.2
-42.9,-18.7,1.0
-44.6,-16.2,0.6
-46.0,-14.8,1.3
-44.6,-11.3,0.6
-44.9,-8.1,-0.5
-46.7,-8.5,0.6
-45.3,-8.5,4.2
-44.9,-9.5,4.6
-44.9,-12.3,5.3
-42.1,-15.2,9.7
-43.9,-14.8,11.5
-41.8,-16.2,11.5
-37.9,-19.4,16.3
-39.3,-18.0,18.5
-36.9,-22.6,18.8
-37.6,-21.2,21.0
-34.1,-24.7,22.5
-31.6,-24.3,22.9
-31.6,-24.3,22.9
-30.9,-24.3,22.9
-32.3,-25.7,22.9
-30.6,-25.4,24.7
-28.5,-24.7,28.3
-27.1,-26.8,28.3
-26.7,-24.3,26.5
-27.8,-26.8,29.1
-25.3,-27.8,28.7
-27.1,-26.8,29.1
-24.6,-25.7,29.4
-22.9,-26.8,28.4
-22.9,-26.8,29.1
-22.2,-26.8,31.3
-21.5,-28.9,31.3
-21.5,-26.8,33.5
-20.4,-27.8,33.1
-18.3,-25.7,34.6
-17.3,-29.6,34.2
-16.2,-25.7,34.6
-17.3,-26.8,37.1
-13.4,-26.4,36.8
-13.8,-27.5,37.1
-13.1,-27.5,36.4
-12.4,-28.9,37.1
-9.2,-27.8,37.5
-9.2,-27.1,37.5
-5.7,-29.2,36.0
-5.7,-29.9,37.5
-5.0,-29.2,36.8
-2.6,-30.3,37.9
-1.5,-29.2,35.3
-1.2,-31.7,37.1
-0.1,-29.9,36.1
3.4,-29.9,37.5
5.5,-29.9,37.5
9.0,-27.8,36.8
8.6,-29.5,35.7
9.3,-28.1,36.4
12.5,-29.2,36.8
11.4,-27.4,36.4
10.4,-27.1,36.8
12.5,-25.7,36.1
10.7,-26.7,35.7
11.1,-25.7,37.5
10.7,-27.4,37.2
12.1,-24.6,35.7
11.4,-26.7,37.2
10.7,-28.8,38.6
11.8,-29.2,37.5
9.7,-27.8,36.1
7.2,-29.5,35.0
8.3,-31.3,36.8
6.5,-32.4,35.0
5.5,-32.0,34.6
4.0,-34.1,31.7
5.1,-33.8,32.8
5.1,-33.8,30.6
5.4,-34.1,31.7
5.4,-36.2,30.2
4.0,-34.8,30.2
4.4,-34.5,32.1
7.5,-34.1,31.7
6.5,-37.3,29.9
7.9,-35.2,29.9
9.6,-36.2,28.1
8.9,-36.2,28.8
8.9,-39.0,29.5
12.1,-38.7,26.2
11.0,-35.5,27.3
13.1,-37.6,24.4
12.1,-37.3,25.5
12.4,-37.6,24.4
13.5,-40.1,24.8
14.5,-38.3,23.7
13.8,-36.9,23.0
14.2,-39.4,23.3
12.8,-38.7,23.3
12.8,-37.2,22.6
15.6,-40.8,25.5
12.8,-38.7,22.6
15.6,-40.1,22.6
15.9,-38.3,23.0
14.5,-39.7,21.5
14.9,-40.1,21.9
16.3,-39.4,22.6
14.5,-40.4,22.2
14.2,-40.1,20.4
14.9,-38.7,21.9
15.6,-37.9,21.1
14.9,-39.4,21.9
14.9,-40.1,21.1
15.6,-40.8,19.7
16.6,-39.7,22.2
16.3,-38.7,22.6
13.5,-41.5,21.9
13.8,-37.6,22.2
15.2,-40.4,20.8
15.2,-40.4,20.8
14.2,-38.7,22.6
14.5,-39.7,21.5
13.1,-39.7,21.5
11.7,-40.4,23.7
12.4,-40.4,24.4
11.7,-41.1,25.1
11.7,-40.4,23.0
10.7,-38.7,24.8
7.2,-40.1,25.5
7.5,-38.3,25.9
6.5,-40.1,27.0
4.4,-38.7,27.7
2.3,-37.3,26.2
1.6,-38.0,29.1
1.9,-37.6,28.0
-0.9,-36.2,28.8
-2.6,-35.9,30.6
-3.7,-36.2,29.5
-4.4,-36.9,29.5
-6.4,-33.4,30.9
-9.2,-33.4,30.2
-10.6,-34.8,31.7
-13.1,-34.5,32.0
-14.5,-31.7,31.3
-16.2,-32.7,30.2
-18.3,-30.6,30.2
-21.1,-29.9,30.2
-21.1,-28.5,30.9
-24.3,-26.1,28.4
-25.3,-26.4,28.7
-27.4,-25.0,29.4
-28.8,-24.3,27.2
-30.2,-24.3,25.1
-31.6,-22.9,26.5
-35.5,-23.3,24.7
-33.0,-20.1,22.9
-35.1,-19.4,21.4
-36.9,-19.7,18.1
-38.3,-19.0,18.8
-40.0,-18.7,17.0
-40.0,-17.3,15.5
-40.7,-17.3,14.8
-43.5,-17.3,14.1
-42.5,-15.5,10.1
-41.8,-16.9,7.9
-42.8,-15.2,6.8
-44.6,-16.9,5.7
-43.9,-17.6,2.8
-43.9,-16.9,4.2
-43.9,-14.8,0.6
-44.3,-16.6,-2.0
-45.0,-19.4,-2.7
-43.2,-16.9,-3.1
-43.9,-19.0,-5.2
-41.8,-20.4,-5.2
-41.1,-21.1,-6.0
-40.4,-19.0,-8.2
-40.4,-21.8,-8.2
-42.5,-20.4,-11.1
-39.0,-21.8,-12.5
-38.7,-20.7,-14.4
-37.6,-21.8,-16.9
-39.0,-21.1,-15.4
-36.9,-21.8,-17.6
-35.9,-23.5,-18.7
-36.2,-23.2,-20.5
-35.5,-23.9,-16.2
-34.8,-23.9,-20.5
-34.5,-24.2,-18.0
-33.8,-24.2,-22.4
-34.8,-23.9,-19.8
-32.8,-27.4,-22.0
-31.4,-26.0,-21.3
-30.3,-27.0,-23.1
-28.9,-27.7,-24.5
-31.7,-27.0,-24.5
-29.6,-28.4,-24.5
-28.6,-27.4,-24.2
-28.6,-27.4,-22.7
-27.9,-32.3,-22.7
-28.2,-32.7,-21.6
-26.8,-32.7,-19.4
-26.1,-32.0,-21.6
-24.7,-36.2,-18.0
-26.5,-34.4,-17.6
-26.8,-35.5,-17.2
-26.5,-35.1,-16.1
-27.9,-35.1,-16.1
-25.4,-36.2,-15.0
-28.2,-34.1,-12.1
-29.3,-35.1,-11.0
-28.9,-35.5,-9.9
-28.6,-36.6,-8.8
-29.9,-36.6,-8.1
-29.9,-35.2,-4.5
-31.0,-34.8,-2.6
-30.3,-36.2,-0.5
-29.9,-35.2,2.1
-30.3,-34.8,3.9
-27.8,-35.2,5.7
-29.6,-34.8,8.3
-30.3,-34.8,10.5
-28.2,-36.2,14.1
-27.1,-35.2,16.0
-25.0,-34.5,19.6
-23.3,-34.8,21.4
-21.5,-34.5,25.5
-21.8,-32.0,28.7
-18.7,-30.3,31.3
-20.1,-27.5,32.0
-16.6,-26.8,34.9
-16.2,-25.0,38.2
-13.1,-21.9,40.0
-8.5,-20.1,41.9
-7.1,-18.0,41.9
-5.0,-17.3,43.3
-2.9,-15.2,42.6
-2.9,-14.5,44.0
-0.1,-12.3,44.8
3.1,-11.3,44.4
4.8,-9.5,44.0
7.6,-7.4,44.8
10.1,-4.3,46.6
10.8,-2.8,44.4
15.0,-3.5,44.4
17.1,-0.0,43.7
17.4,-0.4,42.6
18.8,1.7,42.6
20.9,3.2,41.1
20.6,3.5,42.2
24.1,3.5,40.0
24.4,5.3,41.1
26.2,5.6,38.6
25.8,6.7,38.9
28.3,7.0,37.9
27.6,7.0,34.9
29.3,8.1,35.3
31.4,8.1,33.1
32.8,9.5,32.4
34.6,8.5,32.8
33.9,9.2,32.0
36.6,7.1,31.3
34.9,8.1,29.5
35.9,6.4,31.3
34.9,6.0,29.5
36.6,6.4,30.6
35.9,6.4,29.8
35.2,4.3,29.1
38.7,5.0,31.3
37.7,3.2,30.2
38.7,0.7,28.4
39.8,0.4,28.0
39.1,-3.1,28.0
40.1,-4.2,26.2
38.4,-6.6,27.3
39.4,-6.3,26.2
37.3,-9.1,26.2
37.0,-10.9,25.1
37.7,-13.0,25.9
34.2,-17.2,26.6
33.8,-18.9,28.4
33.5,-18.6,25.9
32.4,-23.2,25.5
31.0,-23.9,27.7
32.4,-26.7,27.7
28.9,-29.5,26.2
28.5,-29.8,24.4
26.4,-32.0,23.7
26.4,-33.4,23.0
22.9,-33.4,21.5
23.3,-33.7,23.3
20.1,-35.5,21.5
20.5,-37.2,19.7
21.9,-37.9,18.2
22.2,-36.9,17.1
19.1,-40.0,17.5
21.5,-38.3,17.9
21.2,-36.5,16.8
22.6,-37.9,17.5
24.7,-37.9,19.0
21.9,-39.3,17.5
22.9,-39.0,17.1
22.6,-36.5,17.5
24.0,-37.2,16.0
20.5,-37.9,18.2
23.3,-37.9,19.7
23.3,-38.6,16.8
23.6,-36.9,19.3
20.5,-38.6,18.2
20.8,-39.0,18.6
21.9,-37.9,20.4
18.7,-36.9,21.5
17.3,-39.0,22.2
17.0,-40.8,21.9
16.3,-38.7,22.6
14.5,-38.3,23.0
14.2,-37.3,24.1
13.1,-37.6,26.6
13.5,-35.8,26.2
11.4,-35.2,27.0
11.4,-35.2,29.1
11.0,-32.7,32.4
11.1,-32.7,33.9
11.4,-30.9,32.1
11.4,-30.2,35.0
12.1,-29.5,35.0
13.5,-27.4,35.0
12.8,-26.7,36.4
14.2,-22.5,38.6
17.4,-23.6,36.1
17.0,-19.7,38.6
17.4,-18.6,40.4
17.4,-17.2,40.4
17.4,-12.3,40.4
20.2,-13.7,39.7
20.5,-10.6,40.1
22.3,-8.8,41.2
25.4,-6.3,40.8
24.4,-6.0,40.4
23.3,-4.9,37.9
26.8,-2.8,37.1
26.5,-3.2,36.0
27.2,-1.7,36.8
30.0,-0.3,36.0
29.0,1.4,37.1
31.1,2.1,37.1
30.0,0.4,35.3
32.4,1.4,35.7
32.1,1.1,35.3
31.7,2.1,35.0
32.8,2.5,33.9
33.8,0.0,32.8
35.9,0.0,32.0
35.6,-1.0,31.7
35.6,-0.3,29.5
39.1,-1.7,29.5
37.0,-0.3,30.2
38.7,-4.2,27.7
38.7,-4.2,28.4
38.4,-5.2,28.0
40.1,-6.3,25.5
38.7,-7.7,26.2
39.4,-7.7,24.8
39.4,-8.4,24.0
39.8,-10.9,26.6
37.7,-11.6,22.9
39.4,-14.0,24.0
41.9,-14.4,22.2
40.8,-14.7,21.1
38.0,-17.5,22.6
40.4,-16.5,21.5
38.0,-18.2,21.1
36.6,-18.9,18.9
39.4,-20.3,19.7
38.0,-22.4,19.0
37.3,-23.1,19.0
37.3,-24.5,17.5
37.3,-23.8,18.2
36.9,-27.0,17.9
35.9,-25.3,17.5
34.1,-27.0,17.1
36.2,-27.0,17.1
33.4,-29.1,16.4
33.8,-29.5,16.8
36.6,-29.5,16.0
33.1,-28.8,18.2
34.1,-29.1,19.3
33.8,-28.8,18.2
33.8,-27.4,18.2
32.7,-27.0,18.6
34.1,-25.6,19.3
35.2,-28.8,19.0
32.7,-27.7,20.1
32.0,-27.0,22.2
32.4,-27.4,22.6
32.7,-26.3,23.0
32.4,-26.0,24.1
30.6,-26.3,20.8
29.2,-24.9,24.4
31.3,-24.9,25.1
30.6,-22.8,26.6
30.7,-22.8,28.1
31.3,-23.5,27.3
30.7,-23.5,30.3
29.3,-23.5,28.8
28.6,-21.4,27.3
27.5,-21.8,29.9
27.5,-21.1,32.1
30.3,-19.7,32.1
28.9,-18.3,32.1
27.2,-16.5,33.2
27.5,-16.9,33.5
29.6,-17.6,34.3
28.2,-16.9,35.0
28.2,-14.7,34.2
29.3,-13.7,35.3
29.3,-13.0,33.9
31.7,-10.5,32.8
30.7,-10.2,34.6
29.3,-8.8,35.3
30.0,-8.1,32.4
30.7,-7.4,33.9
32.1,-5.3,33.9
31.4,-5.3,33.9
35.2,-4.2,32.0
33.5,-3.1,31.7
31.7,-5.6,33.5
34.5,-2.1,32.8
36.6,-2.8,33.5
32.8,-1.7,31.7
34.2,-0.3,32.4
34.9,-3.1,31.0
35.2,-3.5,29.9
37.0,-3.1,28.8
36.3,-3.8,28.0
39.1,-3.1,28.0
37.7,-5.2,28.0
38.0,-4.9,29.1
38.7,-6.3,27.7
37.7,-7.3,27.3
38.7,-7.0,27.0
38.4,-8.0,25.9
39.8,-9.4,25.9
40.8,-11.2,24.0
39.8,-10.1,23.7
40.1,-11.9,22.6
39.4,-11.9,21.1
40.1,-14.0,21.9
40.8,-16.1,20.4
40.1,-16.8,17.5
41.1,-17.9,18.6
39.4,-18.2,17.5
39.0,-20.7,17.1
40.1,-21.0,16.0
39.7,-22.1,14.9
38.7,-22.4,14.6
36.9,-22.8,15.7
35.9,-24.5,16.0
37.3,-27.4,13.9
38.7,-27.4,14.6
34.5,-27.4,11.7
35.9,-28.1,13.1
35.5,-26.3,12.0
34.5,-29.5,12.4
34.1,-30.5,11.3
32.4,-28.1,14.6
34.5,-31.6,14.6
32.7,-31.2,15.0
33.1,-30.9,16.0
32.0,-30.5,17.1
33.4,-29.1,17.1
29.9,-30.5,18.6
33.4,-30.5,17.9
32.7,-28.4,17.1
31.7,-30.2,19.7
28.5,-28.4,21.5
29.6,-28.8,21.9
28.5,-29.1,24.4
26.8,-28.8,24.8
28.9,-29.5,27.0
26.1,-29.5,26.2
26.4,-27.7,28.1
25.4,-28.1,27.7
23.3,-27.4,29.9
21.2,-28.8,29.9
19.8,-27.4,33.5
19.5,-26.4,31.7
17.0,-23.2,34.2
16.7,-23.6,38.3
16.0,-20.7,38.2
16.0,-19.3,38.2
17.0,-19.0,40.1
14.6,-17.2,41.2
12.5,-14.4,41.9
12.8,-10.6,43.0
11.1,-7.4,44.8
11.5,-2.1,42.2
10.4,-2.5,42.6
11.5,2.8,45.9
9.0,4.5,44.0
10.4,8.1,44.0
10.1,9.1,44.4
9.0,11.6,43.3
9.7,14.4,43.3
10.1,16.8,43.6
11.1,19.3,41.8
9.4,20.4,38.5
10.4,21.4,37.4
13.6,23.2,38.5
12.9,26.7,37.1
13.9,27.8,34.5
13.9,29.2,32.3
17.1,30.9,31.2
17.8,30.9,29.0
18.8,32.7,27.9
18.8,32.7,27.9
22.0,33.1,26.9
22.0,33.1,24.7
24.4,33.4,22.1
24.4,34.1,22.8
24.4,34.1,20.7
26.2,33.8,18.8
26.2,31.7,18.8
26.9,31.7,19.6
29.3,34.1,17.7
28.6,31.3,19.2
32.8,32.0,17.8
31.4,32.0,14.8
31.1,30.3,15.2
31.4,30.6,14.8
34.9,29.9,13.4
36.0,28.2,15.2
37.4,26.8,13.8
37.0,26.4,13.4
38.1,25.4,15.2
40.1,24.7,12.3
38.7,24.0,11.6
41.5,19.8,8.7
40.8,22.6,9.4
41.5,21.2,7.9
41.9,21.5,4.7
41.5,19.8,4.3
42.9,19.8,2.1
44.0,20.1,2.5
44.7,17.3,1.0
45.4,15.2,0.3
45.0,14.2,-3.0
45.4,11.0,-0.4
45.4,10.3,-1.9
45.7,7.1,-2.2
47.1,7.8,-5.2
46.4,4.3,-0.8
47.1,2.9,-3.0
46.4,0.8,-5.1
47.1,-2.7,-5.1
47.1,-3.4,-4.4
46.4,-4.8,-5.9
47.4,-5.9,-7.0
46.0,-7.3,-7.0
46.0,-8.7,-5.5
45.3,-11.5,-7.7
44.3,-11.1,-8.0
46.4,-14.0,-5.8
42.9,-14.0,-8.0
43.2,-15.7,-6.2
42.9,-18.2,-7.3
42.9,-19.6,-3.7
41.8,-20.6,-6.2
41.1,-19.9,-5.5
41.8,-21.3,-6.2
42.9,-21.7,-4.4
41.1,-19.9,-4.8
41.5,-22.4,-2.9
42.8,-23.1,-4.4
40.1,-22.4,-2.2
40.4,-22.1,0.4
41.1,-23.5,0.4
41.5,-25.9,1.5
40.1,-28.0,2.9
39.7,-27.7,5.5
37.6,-29.1,6.9
36.9,-27.7,6.2
36.2,-27.7,6.9
36.2,-29.8,10.6
35.9,-28.8,10.2
33.8,-31.6,11.7
33.4,-31.9,13.5
33.1,-32.3,14.6
31.7,-33.0,16.0
29.6,-31.6,19.0
29.2,-31.9,18.6
27.8,-33.4,22.2
26.4,-34.1,22.2
21.9,-34.4,24.8
22.9,-29.9,27.3
19.4,-32.7,28.1
18.4,-30.9,30.6
14.6,-28.5,33.2
13.9,-25.7,36.1
12.8,-24.6,35.7
11.8,-22.9,39.7
9.7,-19.4,40.4
7.9,-17.6,43.0
8.3,-13.0,41.9
4.1,-8.8,45.5
6.9,-5.3,42.6
3.8,-2.9,44.4
4.5,1.4,43.7
3.4,3.1,46.9
4.8,6.6,44.0
3.4,10.2,42.6
5.9,15.4,43.6
3.8,16.8,42.2
4.5,21.1,40.7
6.9,24.9,38.2
5.9,27.4,37.8
6.3,31.3,34.5
8.7,32.3,34.1
8.3,32.7,31.6
10.1,33.0,32.7
12.2,33.7,31.2
11.8,33.4,29.4
11.5,34.4,28.3
11.8,33.4,28.7
14.6,36.2,27.9
16.7,35.5,25.0
17.8,35.9,26.1
19.2,35.9,23.2
20.6,35.2,22.5
23.7,34.8,22.8
26.2,31.0,21.0
30.0,30.6,20.7
31.8,28.2,21.8
34.9,25.0,20.0
37.7,22.9,17.1
40.8,19.7,17.4
41.9,15.2,18.5
41.2,7.4,21.5
40.5,5.3,24.4
40.5,-1.0,25.1
38.0,-4.9,26.2
36.3,-10.2,28.8
34.2,-13.0,28.1
34.5,-14.0,29.1
34.2,-15.8,29.5
36.3,-15.8,28.1
33.5,-15.8,28.1
34.9,-19.3,26.6
33.1,-18.2,27.0
34.5,-21.8,24.8
34.1,-21.4,25.9
34.1,-20.7,24.4
33.8,-23.9,23.3
34.5,-23.9,22.6
34.1,-24.2,18.6
35.5,-24.2,17.9
37.6,-23.5,12.8
39.0,-23.5,11.3
38.7,-23.8,8.0
41.1,-22.8,9.1
39.4,-21.7,8.7
38.7,-23.8,8.0
39.0,-25.6,6.2
40.1,-25.9,4.4
37.3,-28.0,5.1
38.3,-31.2,3.3
35.1,-31.6,0.7
32.3,-32.3,-0.0
30.2,-35.1,-2.2
30.9,-37.2,-4.4
30.6,-36.8,-4.7
28.1,-37.2,-4.4
27.4,-36.5,-2.2
24.6,-37.9,-1.5
28.1,-39.3,-4.4
28.5,-38.2,-4.0
28.5,-36.1,-6.9
30.2,-35.1,-7.3
31.6,-36.5,-8.0
29.2,-34.0,-9.1
28.8,-33.0,-10.2
30.2,-32.2,-10.9
30.6,-34.0,-12.0
32.0,-32.6,-12.0
32.3,-32.2,-13.1
31.6,-32.9,-10.9
33.4,-31.9,-10.6
32.7,-31.2,-12.0
34.8,-30.5,-10.6
34.1,-29.8,-12.8
34.4,-30.1,-12.4
34.4,-30.1,-13.1
35.5,-27.7,-11.3
37.6,-25.6,-12.8
38.3,-26.3,-13.5
38.6,-23.8,-13.9
38.3,-22.7,-15.7
40.0,-19.6,-14.6
38.6,-20.3,-16.8
39.7,-22.0,-16.4
41.1,-17.8,-15.7
39.0,-17.1,-17.2
39.7,-17.1,-17.9
40.0,-16.8,-18.3
39.3,-16.8,-19.0
39.0,-15.7,-20.8
41.1,-15.0,-22.3
39.3,-13.9,-22.6
39.0,-14.3,-21.5
38.6,-15.3,-23.4
39.3,-13.2,-22.6
37.2,-14.6,-22.6
36.5,-17.4,-24.1
37.2,-19.6,-24.8
35.8,-18.2,-25.6
33.7,-21.0,-24.8
32.0,-20.6,-25.2
32.0,-21.3,-25.2
30.6,-21.3,-29.6
30.2,-18.9,-28.5
29.9,-19.2,-31.8
29.2,-17.1,-34.0
27.4,-16.7,-34.3
25.0,-11.5,-36.2
24.6,-7.6,-36.5
22.5,-9.0,-38.7
21.5,-7.2,-42.7
18.3,-5.5,-42.4
18.0,-5.1,-42.0
18.0,-5.8,-41.3
17.6,-4.8,-43.1
15.2,-5.9,-42.7
16.6,-5.8,-44.2
16.9,-4.8,-42.4
13.4,-4.8,-44.6
14.5,-7.3,-42.7
14.8,-6.2,-44.6
14.1,-5.5,-45.3
14.5,-5.8,-46.4
13.1,-5.1,-44.2
15.2,-5.1,-44.2
12.4,-4.4,-42.8
15.5,-6.2,-43.8
15.5,-4.1,-43.1
18.0,-3.0,-42.7
17.6,-2.7,-43.1
18.3,-4.8,-41.7
19.0,-4.1,-42.4
19.0,-4.1,-40.9
18.7,-3.0,-41.3
19.7,-4.1,-40.9
19.0,-4.1,-42.4
19.4,-3.7,-41.3
19.7,-3.4,-41.7
20.8,-2.3,-41.3
20.4,-2.0,-39.5
18.3,-2.7,-42.4
20.1,-1.6,-41.3
19.7,-2.7,-41.7
20.4,-4.8,-41.6
19.7,-4.1,-40.9
19.0,-6.2,-40.9
20.8,-5.1,-39.8
18.7,-5.1,-41.3
17.6,-5.5,-42.4
18.3,-3.4,-43.1
20.1,-0.9,-42.7
19.7,-3.4,-42.4
17.6,-0.6,-40.9
15.5,-4.1,-41.7
15.9,-5.8,-44.2
14.5,-7.3,-44.2
14.5,-5.1,-44.2
15.2,-5.1,-44.9
15.5,-4.8,-43.8
14.1,-5.5,-43.8
13.4,-5.5,-45.3
15.2,-6.5,-45.7
15.5,-4.1,-41.7
13.8,-6.6,-43.5
13.1,-8.0,-44.9
12.0,-9.7,-43.8
10.3,-8.7,-45.7
9.2,-11.1,-43.8
9.6,-10.8,-42.7
8.9,-11.5,-44.2
9.6,-12.9,-43.5
7.5,-13.6,-44.2
7.8,-13.2,-43.8
8.5,-13.9,-42.4
7.1,-11.8,-43.8
9.2,-11.8,-42.4
9.9,-11.8,-46.0
10.3,-12.2,-42.7
12.7,-13.2,-41.6
14.8,-16.1,-39.4
11.3,-16.1,-41.6
13.4,-16.8,-41.6
14.5,-19.2,-38.3
15.2,-19.2,-39.8
13.4,-20.3,-39.4
15.2,-22.0,-39.8
15.5,-21.0,-36.5
18.0,-24.1,-37.6
17.6,-23.1,-35.8
19.7,-24.5,-34.3
18.7,-24.8,-33.2
19.7,-25.9,-32.1
21.8,-25.9,-31.4
20.8,-26.2,-31.8
25.0,-27.0,-28.8
23.6,-27.0,-28.8
24.3,-29.8,-27.4
24.6,-30.1,-24.1
27.1,-29.8,-25.2
28.8,-32.2,-21.9
27.1,-31.9,-19.3
27.4,-30.1,-18.3
29.5,-33.6,-16.8
31.6,-32.2,-16.1
30.2,-32.2,-13.1
31.6,-33.6,-13.1
31.6,-32.9,-9.5
32.7,-35.4,-6.9
30.9,-33.7,-5.1
33.7,-34.4,-2.9
32.7,-34.0,-1.1
32.7,-34.7,2.6
31.3,-34.7,4.0
32.0,-35.4,4.7
32.4,-35.1,7.3
29.6,-35.1,8.8
30.6,-34.7,11.3
29.6,-34.4,11.7
29.9,-36.2,15.7
28.9,-35.1,15.3
27.8,-33.4,19.3
25.4,-35.8,21.1
21.9,-35.1,20.4
20.8,-34.8,23.7
17.7,-35.1,26.2
17.3,-35.5,25.9
14.2,-36.6,26.2
16.6,-39.0,26.6
14.5,-38.3,27.3
15.2,-38.3,23.7
12.1,-38.0,24.0
11.7,-37.6,23.7
10.3,-41.1,24.4
10.0,-39.4,24.8
10.3,-41.1,23.7
9.6,-39.0,23.7
8.6,-40.8,23.3
10.7,-40.1,21.9
9.3,-42.2,19.7
9.3,-43.6,20.4
10.0,-42.2,20.4
11.4,-43.6,17.5
11.7,-43.9,16.4
12.4,-43.2,15.7
12.1,-42.9,14.6
13.8,-43.2,13.5
13.5,-43.6,13.1
13.8,-43.9,13.5
13.8,-42.5,11.3
17.6,-44.3,10.9
16.9,-42.1,8.7
19.1,-41.4,9.5
20.4,-41.4,8.7
22.2,-40.4,6.9
22.2,-39.7,4.0
23.6,-39.7,4.0
23.9,-38.6,3.6
29.9,-36.8,0.4
28.5,-37.5,-1.8
28.5,-36.1,-1.1
30.6,-33.3,-3.3
29.9,-35.4,-6.9
32.7,-34.7,-5.5
32.0,-31.9,-6.9
31.3,-31.9,-5.5
33.4,-34.0,-8.4
33.4,-32.6,-5.5
34.1,-31.9,-7.7
34.4,-30.1,-7.3
35.5,-30.5,-4.7
34.4,-30.8,-6.6
34.4,-31.5,-6.6
35.1,-28.7,-7.3
36.9,-28.4,-4.7
36.5,-29.4,-2.2
39.0,-27.7,-4.0
37.2,-26.6,-2.9
40.4,-26.3,-1.8
40.8,-25.2,-1.5
39.4,-24.5,0.7
39.7,-23.5,1.1
41.5,-21.7,0.7
41.1,-23.5,6.2
40.8,-22.4,6.6
41.1,-22.8,7.7
38.7,-22.4,10.9
39.4,-20.3,15.3
37.6,-24.9,15.7
36.6,-23.8,19.0
37.3,-23.1,19.7
33.4,-24.2,22.2
31.7,-23.9,24.1
31.7,-23.2,27.0
29.3,-22.1,28.8
28.2,-23.2,31.3
28.2,-23.9,32.1
22.6,-22.5,33.5
24.4,-24.2,34.6
23.3,-23.9,34.3
21.9,-23.2,34.3
18.8,-25.7,36.1
18.4,-26.0,33.5
18.1,-28.5,36.1
16.0,-27.1,33.9
12.5,-27.8,33.9
13.2,-29.2,36.1
11.1,-31.3,33.2
10.0,-31.6,31.3
8.9,-34.1,31.0
8.6,-34.5,30.6
8.6,-35.2,29.1
8.9,-36.9,29.5
10.0,-34.4,27.0
9.6,-38.3,26.6
10.0,-38.0,24.8
10.0,-38.0,25.5
11.0,-39.7,24.4
9.3,-40.1,22.6
12.1,-38.7,21.9
14.9,-40.1,22.6
14.9,-42.2,19.0
14.9,-40.8,19.7
16.6,-41.1,16.4
19.1,-39.3,16.0
18.4,-40.7,16.0
22.6,-40.0,14.6
24.7,-39.3,13.1
25.0,-38.3,13.5
24.7,-37.2,14.6
28.2,-37.2,14.6
29.2,-36.2,14.2
29.9,-36.2,12.8
28.9,-33.7,13.9
31.0,-34.4,12.4
32.7,-33.3,12.8
32.0,-31.2,12.8
34.1,-29.8,13.5
35.5,-27.0,12.0
36.2,-29.1,12.0
38.0,-26.6,9.5
39.0,-27.0,10.6
38.7,-24.5,8.0
39.0,-23.5,7.7
40.8,-22.4,5.8
40.1,-22.4,5.8
41.5,-23.8,6.6
42.9,-21.7,8.0
39.4,-22.4,8.0
40.8,-22.4,8.0
41.8,-22.1,9.1
39.4,-22.4,8.7
40.4,-20.7,9.1
41.8,-20.0,9.1
41.1,-22.1,10.6
40.1,-20.3,9.5
40.4,-19.3,9.8
42.5,-17.9,11.3
41.1,-20.0,12.0
41.8,-18.6,12.8
41.8,-18.6,12.0
39.7,-19.3,14.2
39.7,-19.3,15.7
40.4,-21.4,18.6
38.3,-18.6,17.9
38.7,-20.3,20.4
37.3,-18.9,23.3
36.6,-21.8,24.8
34.5,-21.1,24.8
33.5,-20.0,27.3
32.4,-18.2,29.2
32.1,-20.0,31.0
28.2,-17.6,30.6
26.5,-19.3,34.6
26.1,-19.0,33.5
22.3,-20.7,36.1
21.9,-23.2,37.2
21.6,-22.1,35.3
21.9,-21.1,36.4
19.8,-23.2,36.4
18.1,-22.9,36.8
18.4,-24.6,35.0
19.1,-26.0,36.4
18.8,-27.8,34.6
16.7,-28.5,33.9
18.8,-29.9,33.2
17.0,-31.6,29.9
16.6,-33.4,31.7
16.6,-32.7,29.5
16.3,-33.7,28.4
15.2,-35.5,26.6
16.6,-36.9,25.9
15.9,-36.9,23.0
17.0,-39.4,22.6
19.8,-40.8,20.4
20.1,-39.7,19.3
22.2,-39.7,17.9
20.8,-39.0,15.7
23.3,-39.3,16.8
24.7,-39.3,15.3
24.0,-38.6,13.9
26.4,-39.0,13.5
27.8,-36.2,10.6
29.9,-35.4,10.6
31.7,-34.4,8.8
32.4,-34.4,10.2
33.1,-31.6,7.3
33.8,-30.2,6.6
35.5,-29.8,9.8
37.6,-28.4,6.9
39.0,-27.7,7.7
38.0,-23.8,8.7
40.1,-25.9,9.5
40.8,-24.5,8.0
39.0,-20.7,7.6
40.8,-21.0,8.7
41.5,-20.3,7.3
41.5,-21.0,6.6
41.8,-19.3,6.9
40.4,-20.7,7.6
40.4,-21.4,4.7
40.8,-23.1,5.8
40.1,-21.0,4.4
40.1,-23.1,3.6
40.8,-21.0,5.1
40.4,-22.8,4.7
41.5,-23.1,5.8
40.4,-22.8,5.5
41.8,-22.1,6.2
40.4,-21.4,6.9
39.7,-20.7,4.7
42.2,-21.0,6.6
43.6,-22.4,3.6
42.5,-20.7,4.7
43.9,-22.8,6.2
41.8,-20.0,5.5
42.5,-19.3,6.9
42.5,-21.4,8.4
42.9,-21.0,8.7
41.8,-22.1,9.1
42.2,-23.1,10.9
41.5,-20.3,10.9
39.7,-18.6,10.6
40.8,-18.9,15.3
41.1,-19.3,13.5
40.1,-21.7,15.3
40.1,-20.3,13.8
38.7,-23.1,13.1
37.3,-23.1,16.0
37.6,-22.8,14.2
36.9,-24.9,15.7
38.7,-25.9,14.6
39.0,-26.3,15.7
36.2,-27.0,14.9
35.2,-26.0,13.1
35.9,-25.9,11.7
35.5,-27.7,15.7
36.9,-27.0,12.8
35.5,-29.8,11.3
34.8,-29.1,12.0
33.4,-29.8,9.8
36.6,-30.2,8.8
35.9,-29.5,5.8
35.5,-28.4,1.8
36.6,-30.1,2.2
36.9,-27.7,2.5
37.2,-27.3,-3.7
38.6,-27.3,-3.6
36.9,-28.4,-6.9
38.3,-24.9,-6.2
39.7,-24.9,-9.9
39.3,-25.2,-8.8
38.3,-22.7,-12.8
39.0,-22.0,-16.4
36.9,-21.3,-16.4
35.8,-19.6,-19.7
35.8,-18.2,-18.3
36.9,-19.9,-20.8
34.8,-17.8,-21.5
34.4,-20.3,-24.8
32.3,-18.9,-25.6
32.0,-19.2,-28.1
32.7,-19.9,-28.8
30.2,-21.7,-29.9
27.8,-20.6,-28.8
28.1,-22.4,-28.5
26.4,-23.4,-30.3
26.4,-23.4,-31.0
26.0,-23.8,-30.7
23.9,-23.8,-32.1
25.3,-23.8,-29.9
27.1,-23.4,-31.0
26.0,-25.2,-27.7
25.3,-25.2,-27.7
25.3,-26.6,-29.2
25.7,-25.5,-29.6
25.7,-27.7,-27.4
26.0,-26.6,-28.5
25.7,-27.7,-28.8
28.1,-25.9,-27.0
28.1,-28.0,-27.0
26.7,-26.6,-25.6
27.4,-27.3,-24.1
28.5,-29.1,-27.4
27.1,-28.4,-25.9
28.5,-27.7,-24.5
30.2,-30.1,-22.6
29.2,-28.4,-23.7
30.6,-29.1,-22.3
28.8,-30.1,-19.7
29.2,-29.8,-21.5
32.0,-30.5,-19.3
31.3,-30.5,-20.1
30.9,-30.8,-19.7
32.0,-29.1,-17.9
30.6,-27.7,-17.9
29.2,-27.0,-19.3
32.7,-30.5,-21.5
33.0,-28.0,-20.4
32.3,-26.6,-21.2
32.0,-27.0,-21.5
30.6,-26.2,-22.3
32.7,-24.8,-20.8
32.7,-23.4,-23.0
34.4,-24.5,-21.9
30.6,-22.7,-23.7
31.3,-22.7,-23.7
32.7,-22.7,-24.5
30.6,-22.7,-24.5
32.3,-23.8,-25.5
32.0,-22.0,-26.6
31.6,-20.3,-27.7
32.0,-20.6,-29.6
30.9,-18.9,-31.4
28.8,-19.6,-30.7
28.1,-16.7,-32.9
27.4,-14.6,-33.6
26.4,-15.0,-34.7
27.1,-15.0,-36.9
23.2,-12.5,-38.0
23.2,-11.1,-38.0
21.5,-10.1,-38.4
20.4,-6.9,-41.6
20.4,-9.0,-41.6
18.0,-8.0,-41.3
14.8,-8.3,-43.8
14.5,-7.3,-43.5
14.1,-6.9,-44.6
12.0,-8.3,-45.3
11.0,-8.0,-44.9
10.3,-8.0,-44.9
9.6,-8.0,-44.9
8.9,-8.7,-44.2
6.8,-10.8,-44.9
6.4,-13.2,-44.6
6.1,-12.2,-44.2
4.3,-13.9,-45.3
4.0,-15.0,-44.9
4.0,-17.1,-42.7
4.7,-17.1,-43.5
6.4,-20.3,-42.4
5.7,-18.9,-43.8
6.1,-22.0,-39.8
8.2,-22.0,-41.3
8.9,-21.3,-39.8
11.7,-21.3,-41.3
12.4,-23.4,-39.1
14.1,-21.0,-39.4
13.4,-22.4,-38.7
18.3,-23.1,-36.5
16.6,-24.8,-36.9
18.7,-24.8,-36.9
20.4,-23.8,-35.8
20.4,-21.7,-34.3
22.9,-21.3,-33.2
24.6,-20.3,-35.0
25.0,-20.6,-33.2
27.1,-20.6,-34.0
27.1,-19.2,-33.2
29.2,-16.4,-32.5
29.2,-16.4,-31.8
29.2,-15.0,-33.2
29.9,-14.3,-32.5
31.3,-15.0,-32.5
32.0,-12.9,-34.0
29.9,-10.8,-34.7
31.6,-11.1,-35.1
33.4,-7.9,-34.0
32.3,-5.5,-33.6
29.9,-5.8,-36.9
30.2,-2.0,-35.1
28.5,-1.6,-36.2
28.8,-1.3,-36.5
29.5,-1.3,-37.3
26.7,2.9,-37.3
25.3,2.2,-40.2
25.0,5.4,-39.1
20.4,3.6,-40.2
20.1,5.4,-40.6
19.8,6.5,-40.9
15.2,7.5,-42.0
14.5,8.2,-44.2
11.0,7.5,-45.7
8.9,7.5,-46.4
5.7,5.7,-46.8
2.6,6.8,-47.9
1.2,4.7,-45.0
-1.6,4.7,-45.0
-1.6,5.4,-45.0
-6.2,2.2,-44.6
-6.9,1.5,-46.8
-9.0,0.8,-46.1
-10.7,1.8,-45.7
-11.8,-1.3,-43.9
-12.5,-1.3,-45.3
-16.0,-5.5,-44.6
-16.3,-5.2,-43.5
-15.3,-6.2,-42.4
-16.0,-7.7,-43.9
-15.3,-10.5,-41.7
-14.6,-11.9,-42.4
-16.7,-11.2,-41.7
-17.0,-14.3,-42.1
-17.7,-15.7,-42.8
-14.9,-14.3,-41.3
-13.9,-16.8,-40.9
-13.2,-18.2,-43.1
-12.8,-17.8,-40.6
-12.8,-17.8,-41.3
-10.4,-18.9,-41.7
-9.0,-18.2,-43.9
-8.6,-17.1,-44.2
-5.8,-16.4,-43.5
-5.8,-14.3,-44.2
-3.7,-15.7,-43.5
-2.7,-14.0,-43.9
-2.3,-13.6,-45.7
-3.0,-12.9,-45.0
-1.6,-12.9,-45.7
0.8,-14.0,-46.8
-2.0,-9.7,-46.0
-0.9,-9.4,-47.9
-0.6,-8.3,-47.5
1.2,-6.6,-47.9
-0.2,-7.3,-45.7
-0.6,-6.2,-46.8
0.8,-4.8,-46.8
-2.3,-5.2,-47.9
-0.9,-3.1,-45.7
-3.4,-2.0,-46.8
-4.1,-2.0,-45.3
-4.1,-2.0,-46.8
-5.1,-2.4,-45.0
-7.2,-0.3,-47.2
-6.2,0.1,-46.1
-7.6,-1.3,-47.5
-9.7,0.8,-44.6
-11.8,-0.6,-46.1
-10.7,0.4,-45.0
-13.2,-1.3,-44.6
-14.6,-1.3,-44.6
-18.0,1.5,-44.6
-18.7,-1.3,-42.4
-20.1,0.1,-42.4
-22.6,-1.0,-41.4
-22.2,-3.4,-41.0
-25.7,-2.8,-38.8
-28.9,-2.4,-37.7
-29.6,-5.2,-36.3
-31.0,-4.5,-33.3
-33.8,-5.2,-31.9
-33.8,-6.6,-30.4
-35.9,-7.4,-28.2
-37.6,-9.1,-28.6
-36.9,-9.1,-27.1
-38.0,-10.2,-24.6
-38.3,-9.1,-24.2
-39.7,-7.7,-25.0
-40.1,-7.4,-22.4
-41.8,-7.0,-22.8
-41.8,-4.9,-20.6
-42.5,-2.8,-20.6
-41.8,-2.1,-18.4
-42.2,-1.1,-18.0
-42.5,-1.4,-18.4
-42.5,-1.4,-19.1
-41.8,-2.1,-17.7
-45.0,-3.9,-16.6
-42.9,-2.5,-15.1
-44.6,-2.8,-14.8
-46.4,-6.0,-12.9
-44.6,-5.6,-10.4
-44.3,-6.0,-11.5
-45.3,-4.2,-12.6
-45.7,-5.3,-13.7
-45.3,-3.5,-14.0
-43.9,-2.8,-12.6
-44.3,-4.6,-15.8
-44.9,-0.4,-13.7
-44.9,-1.8,-12.9
-45.3,-2.1,-14.8
-43.9,0.7,-14.0
-44.9,1.7,-11.5
-44.9,2.4,-13.7
-45.6,2.4,-11.5
-46.0,3.5,-13.3
-44.9,5.3,-11.5
-44.6,4.2,-13.3
-44.2,6.7,-10.8
-44.9,5.3,-12.2
-45.6,3.1,-12.2
-44.9,5.3,-13.7
-46.3,3.1,-12.2
-46.3,0.3,-13.7
-43.9,1.4,-14.0
-46.3,3.1,-14.4
-44.2,4.6,-12.2
-44.2,3.2,-14.4
-46.3,0.3,-12.2
-44.6,-0.0,-10.4
-46.3,-1.8,-10.8
-46.3,-3.2,-9.3
-45.3,-1.4,-8.9
-46.7,-0.7,-8.9
-45.6,-0.4,-6.4
-45.3,-1.4,-8.2
-46.0,-2.8,-7.5
-44.9,-0.4,-3.5
-46.0,-1.4,-3.1
-45.6,-0.4,-2.7
-46.0,-0.7,-0.2
-45.6,-1.8,-2.0
-47.7,-0.4,-0.5
-46.3,-1.8,0.2
-47.0,1.0,-1.3
-47.0,1.7,3.1
-46.7,2.8,2.0
-47.7,3.8,3.1
-46.7,2.8,5.7
-46.3,5.2,5.3
-45.6,5.2,8.9
-45.6,5.9,8.2
-43.9,6.3,11.5
-45.3,6.3,10.0
-43.8,10.5,11.5
-43.5,8.0,13.3
-43.8,8.4,13.7
-43.1,12.6,12.9
-43.8,11.9,12.9
-42.8,12.2,13.3
-43.8,14.7,12.9
-42.1,15.8,12.6
-40.3,16.1,12.9
-43.1,17.5,13.7
-41.7,18.2,13.7
-41.7,19.6,11.5
-42.4,18.2,13.7
-42.1,17.9,13.3
-42.1,17.2,15.5
-38.9,16.1,14.4
-41.4,15.1,12.6
-40.0,13.0,15.5
-41.7,12.6,14.4
-42.4,12.6,17.3
-39.6,11.2,18.1
-39.6,11.2,18.1
-39.3,8.7,19.9
-39.6,9.8,21.7
-40.0,6.6,22.8
-38.6,5.9,25.0
-37.9,8.7,23.5
-38.9,7.0,23.9
-38.2,8.4,26.8
-37.2,8.0,25.7
-38.6,8.0,27.9
-35.8,8.7,25.0
-36.1,5.6,26.8
-37.2,7.3,27.2
-35.4,7.0,26.8
-35.4,8.4,28.3
-36.1,9.8,27.5
-35.8,9.4,27.2
-36.1,9.8,29.0
-35.1,8.0,27.9
-34.7,10.5,29.0
-34.4,10.1,30.1
-35.1,9.4,29.4
-35.4,9.1,29.0
-36.1,9.1,29.7
-36.1,9.8,28.3
-35.4,9.1,29.7
-33.3,9.8,29.0
-34.0,9.1,31.9
-31.6,8.0,32.3
-33.0,8.7,30.1
-33.0,6.6,31.6
-33.0,7.3,35.9
-30.5,7.0,34.1
-31.9,4.8,33.4
-29.8,5.6,34.9
-28.1,5.9,37.4
-27.4,6.6,35.2
-26.7,5.9,38.9
-24.9,6.3,39.2
-22.8,4.8,40.7
-22.5,5.9,40.3
-21.4,6.3,39.2
-20.7,7.7,39.2
-19.0,8.7,41.8
-18.3,8.0,41.8
-18.6,14.0,40.7
-15.1,16.8,40.0
-16.9,18.6,41.0
-16.5,16.8,38.5
-16.9,18.6,38.1
-17.2,18.9,38.5
-17.2,16.1,38.5
-15.1,18.9,39.2
-16.9,18.6,37.4
-14.8,20.0,38.1
-14.8,20.0,37.4
-15.1,21.7,38.5
-16.2,22.1,37.4
-16.5,23.1,37.8
-16.9,20.7,37.4
-15.5,22.1,36.7
-19.3,21.7,36.3
-18.6,23.1,35.6
-18.3,22.1,33.7
-20.3,24.2,35.9
-22.5,23.5,31.5
-23.2,24.9,31.5
-23.2,26.3,30.1
-22.5,29.1,27.2
-23.5,32.3,24.6
-21.8,33.4,22.1
-22.8,33.7,21.7
-19.3,36.5,21.0
-21.4,36.5,19.5
-19.7,36.9,17.7
-23.5,36.5,16.6
-23.5,35.1,16.6
-22.8,35.8,15.1
-24.2,36.5,12.9
-23.2,37.6,15.5
-24.9,38.6,12.9
-24.6,37.6,11.8
-22.5,36.2,13.3
-23.5,35.8,13.7
-24.2,36.5,12.2
-25.3,36.9,14.0
-22.5,36.9,12.6
-21.4,35.8,12.2
-22.5,36.9,11.8
-24.6,35.5,14.0
-21.8,36.9,14.0
-23.9,36.9,12.6
-23.9,33.4,14.8
-26.0,36.2,14.7
-23.9,33.4,16.2
-25.3,34.8,16.9
-25.3,34.1,18.4
-24.2,31.6,18.8
-24.2,32.3,21.7
-28.1,28.4,24.2
-26.3,28.1,25.3
-24.9,26.7,25.3
-25.3,27.0,28.6
-26.7,26.3,28.6
-27.0,27.4,28.3
-26.3,23.1,29.0
-25.6,24.5,31.2
-26.0,20.7,30.8
-25.6,21.0,32.6
-23.9,17.9,32.3
-24.9,17.5,34.1
-27.0,18.2,33.4
-28.8,16.5,33.7
-25.6,16.1,34.1
-25.6,14.0,34.1
-27.4,15.0,35.2
-29.5,13.6,35.2
-29.5,15.0,33.7
-28.4,11.9,34.1
-27.4,12.2,35.9
-29.8,11.2,33.4
-29.1,11.2,34.1
-30.2,11.5,33.0
-30.9,10.1,33.0
-31.6,10.8,32.3
-30.9,10.8,31.6
-33.0,10.1,30.8
-34.4,12.2,30.1
-34.0,11.2,29.7
-34.4,11.5,29.4
-35.8,12.2,28.6
-33.0,12.2,25.7
-33.7,12.9,27.2
-37.5,13.3,24.6
-35.1,11.5,25.0
-37.2,12.9,23.5
-37.2,13.6,25.0
-38.6,12.9,25.0
-38.2,14.0,21.7
-38.2,14.7,23.2
-38.2,14.0,22.4
-38.2,14.7,21.7
-39.6,16.1,21.7
-37.5,14.7,18.0
-38.6,15.8,23.5
-37.5,14.7,19.5
-39.3,15.8,20.6
-37.5,15.4,21.0
-37.5,15.4,21.0
-37.9,14.4,19.9
-38.9,15.4,21.0
-38.2,15.4,21.0
-36.5,15.1,19.1
-36.8,15.4,21.7
-37.9,15.8,22.1
-38.6,13.6,22.8
-37.9,12.2,24.3
-37.9,14.3,24.2
-36.5,13.6,26.4
-36.8,14.0,25.3
-35.8,10.8,25.7
-35.1,11.5,29.4
-35.4,9.8,30.5
-34.7,9.8,29.0
-33.3,7.7,31.2
-33.3,7.7,32.7
-32.3,4.5,33.0
-31.2,4.8,34.1
-29.8,3.4,34.9
-30.9,2.4,33.8
-29.1,2.7,35.6
-31.6,2.4,35.2
-29.8,0.6,33.4
-30.5,1.3,36.3
-30.2,-0.4,33.8
-28.8,0.3,36.7
-30.5,-2.2,36.3
-32.3,-1.8,35.2
-30.9,-1.8,34.5
-30.9,-3.2,36.7
-31.2,-2.2,33.4
-33.7,-1.8,33.8
-32.3,-3.9,34.5
-33.3,-0.8,33.4
-32.6,-4.3,31.9
-33.0,-2.5,33.0
-34.7,-4.3,32.7
-33.7,-5.3,30.1
-36.1,-1.5,29.7
-37.5,-5.0,29.0
-37.2,-3.2,30.1
-36.8,-2.2,28.3
-37.9,-2.5,26.5
-37.2,-1.8,26.5
-37.5,0.6,26.1
-42.1,-1.1,26.5
-37.9,-1.1,25.0
-36.5,0.3,26.5
-38.6,0.3,26.5
-37.5,-0.8,25.4
-39.6,-1.5,23.9
-40.0,1.7,23.5
-40.7,1.7,26.5
-40.0,1.0,27.2
-37.2,1.0,27.2
-38.9,2.7,26.1
-38.2,-0.1,26.1
-36.8,-0.8,28.3
-39.3,-0.4,28.6
-36.1,-0.1,29.7
-35.1,-1.1,31.6
-36.5,-2.5,31.6
-35.1,-2.5,32.3
-35.4,-2.2,30.5
-32.3,-2.5,33.8
-34.0,-0.1,33.4
-32.3,-3.2,33.8
-30.2,-4.6,35.2
-30.9,-1.1,36.7
-29.8,-4.3,38.5
-27.4,-4.6,37.4
-26.7,-3.2,37.4
-26.3,-5.0,37.8
-24.9,-5.0,40.0
-24.2,-3.6,41.4
-25.3,-3.2,41.8
-23.5,-3.6,40.7
-24.2,-2.9,41.4
-22.1,-4.3,42.9
-21.4,-5.0,42.9
-21.8,-3.9,41.1
-21.4,-4.3,43.6
-19.7,-4.6,41.8
-20.7,-5.0,43.6
-20.7,-6.4,43.6
-20.4,-5.3,42.5
-19.0,-3.9,42.5
-20.7,-4.3,42.9
-21.8,-3.2,41.8
-21.8,-5.3,41.1
-20.4,-4.6,44.0
-20.4,-5.3,43.3
-20.0,-4.3,42.2
-21.1,-4.6,44.0
-21.8,-4.6,41.8
-22.1,-4.3,41.4
-21.4,-2.9,40.0
-23.5,-2.9,40.7
-22.1,-2.2,40.7
-25.3,0.3,38.9
-23.9,-1.1,40.3
-27.0,1.3,37.1
-25.6,0.6,37.1
-27.0,2.7,38.5
-27.0,2.7,37.8
-25.3,4.5,39.6
-26.3,4.8,38.5
-27.7,4.8,40.0
-26.7,5.9,38.1
-26.3,7.0,38.5
-24.2,6.3,38.5
-24.9,6.3,40.0
-24.9,7.0,38.5
-25.3,5.2,39.6
-23.5,8.4,40.7
-23.2,5.2,41.1
-22.1,6.3,41.4
-22.8,4.1,42.2
-20.0,3.4,41.4
-19.3,3.4,42.9
-17.9,2.7,42.9
-17.2,2.7,43.6
-14.8,3.1,44.7
-14.1,1.0,46.2
-12.7,1.7,45.5
-12.7,1.7,45.5
-9.2,-1.1,46.9
-8.5,0.3,46.2
-8.5,-1.8,47.7
-7.8,-3.2,47.7
-6.0,-1.5,45.8
-6.0,-2.9,47.3
-4.3,-2.5,48.4
-3.2,-5.0,48.8
-2.5,-5.7,48.0
-1.8,-5.0,45.9
-2.2,-4.6,47.7
-1.1,-7.8,47.3
-1.1,-4.3,48.0
-0.4,-5.7,49.5
1.3,-7.4,48.4
-0.4,-7.1,48.0
-1.1,-5.0,45.9
0.3,-5.7,46.6
-0.1,-6.0,46.2
-1.5,-6.7,47.0
-0.4,-5.7,45.9
-0.4,-6.4,46.6
-2.5,-6.4,45.1
-2.2,-5.3,46.9
-2.9,-5.3,49.1
-1.5,-3.9,46.2
-3.2,-4.3,45.9
-3.9,-2.9,46.6
-3.2,-2.9,46.6
-2.5,-4.3,48.0
-2.9,-3.9,46.9
-3.6,-1.8,46.9
-0.8,-3.2,48.4
0.3,-2.9,47.3
-0.4,-2.9,45.9
2.0,-3.9,46.2
2.7,-1.8,48.4
6.2,-3.2,47.7
6.9,-1.8,47.0
10.8,-1.4,45.9
9.4,-2.8,48.1
11.1,-3.9,46.2
13.6,-3.5,48.1
13.9,-1.8,45.5
17.1,-4.2,45.9
17.1,-5.6,44.4
19.5,-5.3,43.3
21.6,-6.0,41.9
20.9,-6.0,41.1
25.8,-6.0,42.6
26.1,-4.9,39.3
25.4,-6.3,38.6
28.6,-5.3,37.5
29.6,-7.7,36.4
30.7,-7.4,36.8
31.0,-6.3,34.2
33.5,-6.7,33.9
33.5,-7.4,33.1
32.4,-7.0,32.8
34.5,-10.5,32.8
34.2,-9.5,31.0
33.5,-9.5,31.0
35.9,-9.1,27.7
35.6,-10.9,31.7
36.6,-11.2,29.9
37.7,-12.3,29.5
36.6,-11.2,30.6
37.3,-9.8,28.4
37.3,-9.1,29.1
35.6,-9.5,28.8
34.9,-9.5,32.4
35.6,-8.1,29.5
35.2,-9.8,32.1
35.2,-7.7,32.1
33.5,-8.8,34.6
32.8,-8.8,35.3
33.8,-5.6,34.2
31.0,-7.0,35.0
31.7,-6.3,37.2
28.6,-4.6,37.5
26.8,-4.2,38.6
25.8,-3.9,39.7
23.4,-2.1,40.1
23.4,-0.7,41.5
22.3,1.0,42.6
22.3,3.9,41.9
19.5,4.6,41.1
21.3,7.0,43.0
20.2,8.8,42.6
18.5,9.8,41.5
17.1,14.0,42.9
17.8,16.2,41.5
18.5,18.3,38.5
20.2,20.0,39.6
21.3,20.4,37.8
19.9,21.1,37.8
21.6,22.9,36.0
22.3,25.0,35.3
21.6,25.0,34.5
22.3,25.0,33.1
21.3,26.7,34.9
22.7,26.0,33.4
24.1,28.8,31.2
22.0,26.0,32.7
25.1,26.4,33.1
24.8,26.0,29.8
24.1,27.4,31.2
23.0,27.8,30.2
22.7,30.9,29.8
23.7,30.6,29.4
24.4,31.3,28.0
23.4,31.7,26.9
22.3,34.1,26.5
24.8,34.5,24.7
22.0,35.2,25.4
23.7,35.5,25.0
22.0,35.2,23.2
23.0,36.2,23.6
22.3,35.5,22.8
23.0,36.9,21.4
22.7,35.2,23.2
23.7,36.2,22.1
21.6,36.9,22.1
22.3,36.9,19.9
22.0,37.3,21.7
22.0,37.3,21.7
23.0,35.5,23.6
24.1,35.2,22.5
24.1,36.6,23.2
22.7,35.9,25.4
23.4,33.8,23.9
25.5,33.8,23.9
24.8,32.4,24.7
26.2,32.4,25.4
25.1,32.0,28.0
27.6,30.3,26.9
28.3,26.7,27.6
29.7,26.7,28.3
29.7,22.5,27.6
32.1,22.9,29.4
33.2,19.7,29.8
33.9,20.4,26.9
35.3,18.3,29.8
35.3,16.9,27.6
37.7,15.9,28.7
37.7,15.2,27.3
38.4,14.5,26.5
39.4,12.7,26.2
41.2,13.8,26.6
40.1,12.7,24.7
40.5,13.1,24.4
39.8,11.6,24.4
40.1,10.6,24.7
40.5,10.9,25.1
40.1,12.0,26.2
39.8,13.1,26.6
38.4,12.3,25.8
39.1,13.8,26.6
39.8,16.6,28.0
39.1,16.6,28.0
38.1,16.9,27.6
35.3,19.0,26.2
34.9,19.4,29.5
34.9,20.1,26.5
32.1,21.5,28.0
30.4,23.9,28.3
29.7,24.6,29.8
30.0,25.7,29.4
27.9,27.8,28.7
25.8,28.5,29.4
25.8,29.9,26.5
24.1,32.4,26.9
23.4,32.4,24.7
21.3,33.8,25.4
22.0,37.3,22.5
17.4,38.3,22.8
21.3,38.0,19.6
17.8,41.5,18.1
19.9,41.5,17.4
17.4,41.9,13.3
18.5,42.9,13.0
15.3,42.6,11.1
16.4,45.7,9.3
14.6,46.1,6.0
14.3,45.0,4.9
14.3,46.4,2.0
14.6,46.1,-0.5
13.9,46.8,-2.0
12.2,45.8,-3.1
12.2,46.5,-5.3
14.6,46.1,-6.4
11.5,45.8,-7.5
10.4,44.0,-10.7
11.1,42.6,-12.2
11.4,43.7,-12.6
10.7,43.7,-16.2
10.7,42.3,-16.2
8.3,42.6,-17.3
10.7,43.0,-19.9
8.3,41.9,-18.0
9.0,42.6,-20.2
8.3,39.1,-20.2
6.2,41.2,-21.0
6.5,40.9,-20.6
7.6,41.2,-21.0
5.5,41.2,-22.4
7.2,40.9,-22.1
4.4,41.6,-24.2
3.4,40.5,-21.7
5.5,39.1,-22.4
5.5,41.2,-23.1
7.2,41.6,-20.6
5.1,41.6,-22.1
6.2,40.5,-21.0
5.1,40.8,-18.4
6.2,43.3,-18.0
7.2,42.3,-16.9
6.2,44.7,-12.9
6.2,44.7,-12.9
6.2,44.7,-11.5
5.9,45.8,-9.7
4.8,45.4,-7.1
7.3,46.5,-6.0
4.8,46.8,-2.0
5.9,46.4,2.0
5.2,45.7,1.3
6.2,46.1,4.6
4.1,46.1,7.5
6.2,46.8,7.5
7.6,44.7,8.9
8.0,46.4,10.0
8.0,44.3,12.2
10.1,47.1,14.4
11.5,43.6,17.3
14.3,39.4,19.5
17.1,39.4,22.5
15.7,40.1,22.5
18.8,37.6,25.0
19.2,35.9,24.7
19.2,36.6,25.4
23.0,34.8,24.3
22.7,33.1,26.1
20.9,32.0,25.8
24.1,33.1,28.3
23.7,32.0,26.5
25.5,31.0,26.9
24.8,31.0,27.6
27.9,29.2,27.2
28.3,29.6,28.3
29.0,28.1,28.3
28.3,26.7,27.6
28.3,28.1,26.9
28.6,27.8,25.8
28.3,26.0,29.1
28.3,26.7,29.1
28.6,25.7,26.5
27.2,27.1,30.2
27.6,26.0,31.3
27.2,25.7,31.6
25.1,26.4,30.2
24.8,28.1,31.2
25.5,28.8,31.2
24.8,28.1,32.7
24.1,27.4,32.0
20.2,28.5,32.3
18.5,29.5,32.7
17.1,28.8,33.4
17.1,30.2,33.4
13.6,28.1,36.3
10.4,29.2,35.2
10.4,29.2,37.4
7.3,30.2,37.8
3.8,29.5,37.0
2.1,29.8,37.4
-1.1,30.9,39.2
-3.9,32.3,35.6
-5.3,33.7,34.8
-9.1,34.8,34.5
-14.0,33.3,32.3
-14.7,31.9,30.8
-17.2,33.0,30.4
-18.6,33.7,28.3
-20.7,36.5,25.3
-22.1,35.8,22.4
-23.5,35.8,20.9
-24.6,36.2,19.9
-26.0,35.5,16.2
-26.3,36.5,14.4
-27.4,36.9,12.6
-29.5,36.9,11.1
-28.8,35.5,8.2
-30.2,36.9,6.0
-30.5,35.8,3.4
-31.2,35.1,6.4
-34.4,32.7,0.1
-33.3,31.6,-0.9
-33.7,33.4,-4.2
-32.3,31.3,-4.2
-33.7,32.0,-6.4
-36.5,28.5,-7.9
-36.5,29.2,-8.6
-37.6,27.4,-9.0
-38.3,25.3,-8.2
-37.6,22.5,-9.0
-40.7,20.7,-10.8
-40.7,17.2,-11.5
-42.1,19.3,-10.1
-41.4,15.8,-13.0
-43.2,14.8,-14.1
-42.1,13.7,-13.0
-42.5,11.2,-14.8
-43.5,10.2,-15.9
-41.4,7.4,-15.9
-43.2,7.7,-18.4
-43.5,5.3,-18.8
-42.5,4.9,-17.0
-41.8,3.5,-19.9
-41.8,3.5,-18.4
-43.6,1.1,-18.8
-42.2,3.2,-20.2
-40.8,0.4,-21.0
-41.1,-1.4,-22.8
-41.1,0.7,-20.6
-41.8,-0.7,-22.1
-39.4,-1.7,-23.1
-40.8,-0.3,-21.7
-39.7,-2.8,-25.0
-39.4,-1.7,-23.9
-40.1,-4.6,-23.1
-39.7,-4.2,-26.4
-40.1,-5.3,-26.1
-40.1,-5.3,-24.6
-40.4,-6.3,-27.1
-38.0,-6.7,-23.9
-40.1,-6.0,-26.1
-36.9,-9.1,-24.9
-37.6,-9.8,-25.7
-38.3,-10.5,-25.7
-35.5,-11.2,-25.7
-37.3,-13.7,-23.8
-35.5,-13.3,-24.2
-37.3,-15.8,-24.6
-35.2,-17.2,-24.6
-35.9,-16.5,-23.1
-35.9,-17.2,-23.8
-35.5,-18.3,-22.7
-36.6,-19.3,-23.1
-36.9,-19.0,-23.5
-35.5,-19.0,-25.7
-33.4,-20.4,-26.4
-32.4,-19.3,-26.7
-30.3,-20.0,-30.4
-30.0,-19.7,-29.3
-26.8,-18.6,-31.8
-26.8,-20.0,-33.3
-25.8,-19.6,-32.9
-26.1,-19.3,-32.6
-24.0,-20.0,-35.5
-23.7,-19.6,-34.4
-20.9,-21.0,-34.4
-22.3,-21.7,-36.6
-19.1,-24.9,-34.0
-16.0,-23.1,-35.8
-16.7,-24.5,-34.4
-14.9,-27.0,-33.3
-12.1,-27.7,-32.5
-8.6,-29.8,-31.8
-6.9,-30.9,-31.4
-4.4,-31.9,-31.8
-0.2,-35.4,-30.3
1.5,-34.4,-28.5
2.2,-36.5,-27.8
4.7,-36.8,-29.6
7.5,-36.8,-28.8
7.8,-36.5,-27.8
9.6,-34.7,-25.9
10.6,-35.8,-26.3
14.1,-36.5,-26.3
15.9,-34.0,-26.6
19.4,-33.3,-28.1
20.4,-31.5,-25.6
22.9,-31.9,-27.4
26.4,-29.8,-25.2
28.1,-29.4,-23.4
36.2,-16.4,-26.6
40.1,-2.0,-22.7
43.9,2.6,-18.6
43.2,4.7,-16.5
43.6,7.9,-16.1
42.2,10.7,-14.7
40.4,15.2,-17.2
40.1,15.6,-14.7
40.1,17.7,-14.7
40.8,17.0,-13.2
41.2,20.9,-13.6
40.8,20.5,-13.9
39.8,19.4,-12.1
39.4,21.2,-11.0
39.4,21.9,-10.3
39.4,20.5,-12.5
37.3,23.3,-12.5
39.4,21.9,-14.7
39.1,23.0,-15.0
37.7,22.3,-17.2
38.3,20.9,-16.5
38.0,19.8,-17.6
38.7,17.7,-18.3
39.7,12.4,-19.4
40.4,9.6,-21.6
38.0,7.9,-27.1
35.2,8.6,-28.5
32.0,7.5,-32.5
26.8,9.3,-36.6
23.3,8.6,-40.2
20.1,5.4,-42.8
18.3,2.2,-43.1
19.0,-2.7,-42.4
19.0,-3.4,-43.1
16.9,-8.3,-40.2
15.5,-9.0,-40.9
14.8,-12.5,-40.9
10.3,-16.4,-41.3
10.3,-19.9,-40.5
8.9,-22.0,-40.5
6.4,-25.2,-38.7
7.5,-26.3,-39.1
6.1,-26.3,-38.3
4.0,-29.1,-36.9
1.2,-31.2,-34.0
0.1,-33.0,-35.1
-0.6,-32.3,-34.3
-0.6,-33.7,-33.6
-1.3,-30.8,-33.6
-0.9,-32.6,-33.2
-4.8,-32.3,-34.3
-6.5,-31.2,-34.7
-8.3,-30.9,-35.8
-6.5,-29.1,-35.4
-7.2,-29.8,-33.3
-8.3,-28.0,-38.7
-10.0,-24.2,-36.9
-8.3,-25.9,-38.0
-8.3,-23.1,-38.7
-7.2,-20.6,-42.8
-6.9,-21.7,-41.7
-8.3,-18.2,-41.7
-9.3,-15.7,-44.2
-9.3,-15.0,-44.2
-7.6,-11.9,-44.6
-7.2,-10.8,-46.4
-6.5,-7.3,-47.2
-3.7,-5.2,-47.9
-0.9,-3.8,-47.2
-0.9,-2.3,-48.6
3.6,-0.6,-46.1
2.6,1.2,-47.9
4.7,1.9,-48.6
5.4,2.6,-47.2
5.0,2.2,-46.8
5.7,2.9,-46.1
6.8,6.1,-45.0
7.1,4.3,-45.3
8.2,4.0,-47.2
11.3,5.7,-46.1
14.8,3.6,-43.9
15.5,3.6,-42.4
16.9,2.2,-43.9
16.2,2.2,-41.7
17.6,2.9,-41.7
16.9,2.9,-44.6
17.6,1.5,-43.9
16.9,0.8,-44.6
20.4,2.9,-43.8
20.4,0.8,-41.7
22.5,1.5,-40.2
22.2,1.2,-38.4
23.9,0.8,-40.2
24.6,0.8,-37.3
27.4,0.8,-37.3
26.0,-0.6,-36.5
25.3,1.5,-38.7
25.7,-0.2,-37.6
25.7,-0.9,-38.4
22.9,-0.2,-39.1
22.9,-2.3,-39.8
22.9,-4.4,-39.1
22.9,-1.6,-39.8
21.1,-5.5,-40.2
19.4,-4.4,-42.7
21.8,-3.4,-41.6
18.3,-6.2,-41.6
16.9,-6.9,-43.8
14.5,-7.3,-44.2
13.8,-7.3,-43.5
13.8,-6.6,-42.7
12.0,-6.9,-44.6
11.0,-8.0,-44.9
8.5,-6.9,-44.6
7.5,-8.7,-47.1
7.1,-6.2,-45.3
5.0,-8.3,-45.3
5.7,-6.2,-46.8
5.0,-6.2,-45.3
3.3,-8.0,-47.1
2.6,-6.6,-46.4
2.9,-6.2,-46.0
2.6,-5.9,-47.1
3.3,-7.3,-47.1
1.2,-5.2,-45.7
3.3,-7.3,-46.4
3.6,-6.9,-44.6
2.2,-6.2,-44.6
1.9,-5.9,-46.4
2.9,-7.6,-45.3
2.9,-7.6,-44.6
4.0,-5.9,-45.7
7.5,-8.7,-44.9
5.7,-5.5,-46.0
9.6,-8.0,-45.7
6.8,-8.7,-44.2
9.6,-8.7,-44.9
9.9,-8.3,-44.6
10.6,-8.3,-44.6
12.0,-9.0,-46.0
12.0,-8.3,-44.6
13.1,-8.0,-44.2
12.4,-8.0,-43.5
14.5,-7.3,-42.7
15.2,-6.6,-44.2
18.3,-8.3,-43.1
18.3,-6.9,-43.1
16.6,-8.0,-42.7
17.6,-7.6,-42.4
16.9,-6.9,-43.1
19.7,-6.2,-43.1
18.0,-4.4,-42.7
19.7,-7.6,-41.6
19.0,-5.5,-41.6
18.3,-5.5,-42.4
18.0,-6.6,-42.0
18.0,-7.3,-41.3
18.0,-4.4,-42.0
17.6,-6.2,-40.9
17.6,-4.8,-43.1
17.3,-5.1,-43.5
16.2,-5.5,-43.1
15.9,-5.8,-42.7
15.9,-6.6,-43.5
13.8,-5.1,-44.2
15.2,-6.6,-43.5
12.0,-4.8,-45.3
13.8,-6.6,-43.5
11.7,-7.3,-44.9
10.6,-6.2,-45.3
9.9,-9.0,-45.3
9.9,-6.9,-45.3
8.5,-7.6,-46.0
8.2,-8.0,-45.7
8.9,-8.7,-44.9
7.8,-9.0,-44.6
